INSERT INTO OUTLET VALUES (200, '84 Larry Junction', 'Pittsburgh', 'PA', '15901', '213-274-8037', NULL);
INSERT INTO OUTLET VALUES (201, '8128 Kings Lane', 'Pittsburgh', 'PA', '35405', '205-391-9569', NULL);
INSERT INTO OUTLET VALUES (202, '1 Maple Way', 'Seattle', 'WA', '15232', '206-336-4891', NULL);
INSERT INTO OUTLET VALUES (203, '842 Lunder Drive', 'Fresno', 'CA', '93709', '412-555-8735', NULL);
INSERT INTO OUTLET VALUES (204, '100 Broad Str.', 'Pittsburgh', 'PA', '15214', '412-360-5231', NULL);
INSERT INTO OUTLET VALUES (205, '4000 Forbes Ave.', 'Indiana', 'CA', '15701', '412-598-7654', NULL);
INSERT INTO OUTLET VALUES (206, '114 Haas Court', 'Charlotte', 'NC', '16601', '421-552-4448', NULL);
INSERT INTO OUTLET VALUES (207, '75 Clove Pass', 'Richmond', 'VA', '11234', '874-854-7787', NULL);
INSERT INTO OUTLET VALUES (208, '68 Hauk Road', 'Long Beach', 'CA', '15701', '474-897-5520', NULL);
INSERT INTO OUTLET VALUES (209,  '2246 Browning Trail', 'New York', 'NY', '11232', '774-896-2300', NULL);
INSERT INTO OUTLET VALUES (210, '504 Walmart St', 'Florida', 'FL', '15272', '745-887-5758', NULL);
INSERT INTO OUTLET VALUES (211, '04 Tomscot Terrace', 'New Bedford', 'FL', '12745', '508-379-1894', NULL);
INSERT INTO OUTLET VALUES (212, '114 Haas Court', 'Clevland', 'OH', '44105', '216-586-3563', NULL);
INSERT INTO OUTLET VALUES (213, '79 Clove Pass', 'Richmond', 'VA', '11234', '562-261-9343', NULL);
INSERT INTO OUTLET VALUES (214, '5725 3rd Court', 'Akron', 'OK', '17232', '784-807-5221', NULL);
INSERT INTO OUTLET VALUES (215, '17 Merrick Parkway', 'SpirngField', 'NY', '62705', '404-898-5897', NULL);

INSERT INTO Employee VALUES (4000, 'Toma', 'Harte', 'President',  '741-883-2606', 'tharte0@buycar.com', '02-MAR-1967', 'F', 95823 ,'20-MAR-2000',NULL , 200);
INSERT INTO Employee VALUES (4001, 'Free','Voyce', 'Outlet Maanger',  '805-343-7916', 'fvoyce1@buycar.com', '08-MAY-1962', 'M', 78537,'08-MAY-2002', 4000, 204);
INSERT INTO Employee VALUES (4002, 'Mile','Fussell',  'Outlet Manager',  '449-432-9005', 'mfussell2@buycar.com', '20-MAR-1971', 'M', 78000, '10-MAR-2004', 4000, 200);
INSERT INTO Employee VALUES (4003, 'Juliet', 'Seakin', 'Outlet Manager',  '511-470-4928', 'jseakin3@buycar.com', '09-Mar-1977', 'F',79000,  '12-JUL-2004',4000, 206);
INSERT INTO Employee VALUES (4004, 'Jerry', 'Cardena', 'Outlet Manager',  '286-250-5521', 'jcardenas4@buycar.com', '14-NOV-1968', 'M', 74000,  '01-MAY-2004', 4000, 212);
INSERT INTO Employee VALUES (4005, 'Herculie', 'Northcote',  'Outlet Manager',  '496-325-1912', 'hnorthcote5@buycar.com', '28-APR-1980', 'F',58964,  '18-MAY-2012', 4000, 205);
INSERT INTO Employee VALUES (4006, 'Maible', 'Wadelin',  'Mechanic',  '601-313-8104', 'mwadelin6@buycar.com', '28-SEP-1982', 'M', 51234, '29-MAR-2010',  4002, 200);
INSERT INTO Employee VALUES (4007, 'Reilly', 'Colleck', 'Mechanic',  '253-514-7361', 'rcolleck7@buycar.com', '29-Aug-1983', 'M', 66500, '18-MAY-2011',  4003, 210);
INSERT INTO Employee VALUES (4008, 'Alyson', 'Forsdike', 'Admin Assistant',  '410-852-2899', 'aforsdike8@buycar.com','25-Oct-1976', 'M', 69784 ,  '23-DEC-2009',  4002, 200);
INSERT INTO Employee VALUES (4009, 'Cinnamon', 'Matschke', 'Mechanic', '227-287-0630', 'cmatschke9@buycar.com', '04-JUL-1965', 'M', 59874, '20-OCT-2013',  4004, 202);
INSERT INTO Employee VALUES (4010, 'Urbain', 'Suddaby', 'Sales Rep', '599-689-8159', 'usuddabya@buycar.com', '11-SEP-1985', 'M',  65423,'10-OCT-2015',  4004, 204);
INSERT INTO Employee VALUES (4011, 'Randi', 'Sholl',  'Sales Rep', '485-846-9638', 'rshollb@buycar.com', '28-JUN-1983', 'M', 68945, '11-OCT-2015',  4003, 207);
INSERT INTO Employee VALUES (4012, 'Marilyn', 'Grime',  'Mechanic', '217-862-1723', 'mgrimec@buycar.com', '17-APR-1981', 'F', 59612 ,'21-FEB-2015',  4003, 209);
INSERT INTO Employee VALUES (4013, 'Penn', 'Allmann',  'Sales Rep', '899-228-3893', 'pallmannd@buycar.com', '24-DEC-1981', 'F',57823 , '27-NOV-2014',  4004, 202);
INSERT INTO Employee VALUES (4014, 'Goober', 'Stranger',  'Sales Rep', '821-380-6315', 'gstrangere@buycar.com', '22-MAR-1976', 'M', 58945, '10-MAR-2013',  4005, 208);
INSERT INTO Employee VALUES (4015, 'Papageno', 'Gantlett', 'Sales Rep', '473-727-4311', 'pgantlettf@buycar.com', '02-JUL-1980', 'F', 57896, '10-JAN-2013',  4005, 203);
INSERT INTO Employee VALUES (4016, 'Vamiller', 'Gandhi',  'Mechanic',  '414-102-7405', 'vgan@buycar.com', '14-MAR-1981', 'M', 58000, '12-MAR-2007', 4001, 211);
INSERT INTO Employee VALUES (4017, 'Shubham', 'Jain',  'Mechanic',  '123-002-8405', 'sjain@buycar.com', '20-FEB-1990', 'M', 55000, '12-APR-2005', 4005, 212);
INSERT INTO Employee VALUES (4018, 'Pallavraj', 'Sahoo',  'Mechanic',  '145-102-1258', 'pshaoo@buycar.com', '14-MAR-1987', 'M', 59000, '17-MAR-2003', 4002, 213);
INSERT INTO Employee VALUES (4019, 'Ray', 'Paulsen',  'Mechanic',  '196-102-7498', 'rpaul@buycar.com', '14-MAR-1978', 'M', 54256, '14-MAR-2005', 4001, 214);


UPDATE OUTLET SET ManagerNo = 4002 WHERE OutNo = 200;
UPDATE OUTLET SET ManagerNo = 4000 WHERE OutNo = 201;
UPDATE OUTLET SET ManagerNo = 4004 WHERE OutNo = 202;
UPDATE OUTLET SET ManagerNo = 4004 WHERE OutNo = 203;
UPDATE OUTLET SET ManagerNo = 4001 WHERE OutNo = 204;
UPDATE OUTLET SET ManagerNo = 4005 WHERE OutNo = 205;
UPDATE OUTLET SET ManagerNo = 4003 WHERE OutNo = 206;
UPDATE OUTLET SET ManagerNo = 4003 WHERE OutNo = 207;
UPDATE OUTLET SET ManagerNo = 4003 WHERE OutNo = 208;
UPDATE OUTLET SET ManagerNo = 4001 WHERE OutNo = 209;
UPDATE OUTLET SET ManagerNo = 4005 WHERE OutNo = 210;
UPDATE OUTLET SET ManagerNo = 4001 WHERE OutNo = 211;
UPDATE OUTLET SET ManagerNo = 4004 WHERE OutNo = 212;
UPDATE OUTLET SET ManagerNo = 4002 WHERE OutNo = 213;
UPDATE OUTLET SET ManagerNo = 4002 WHERE OutNo = 214;
UPDATE OUTLET SET ManagerNo = 4005 WHERE OutNo = 215;

INSERT INTO VEHICLE VALUES ('WA1DGBFE', 'Bentley', 'Continental Spur', 'Violet', 2004, 4, 4, 50, '11-OCT-2020', 200);
INSERT INTO VEHICLE VALUES ('WAU3VA23', 'Audi', 'Audi A6', 'Black', 2011, 4, 5, 60, '20-NOV-2020', 201);
INSERT INTO VEHICLE VALUES ('WA1YD54B', 'Kia', 'Kia Optima', 'Teal', 2009, 4, 4, 45,  '19-MAR-2019', 202);
INSERT INTO VEHICLE VALUES ('1G6AC5SX', 'Kia', 'Kia Spectra', 'White', 2006, 4, 5, 60, '16-FEB-2018', 203);
INSERT INTO VEHICLE VALUES ('EM482243', 'Ford', 'Ford Ecosport', 'White', 2016, 4, 5, 49, '06-DEC-2019', 206);
INSERT INTO VEHICLE VALUES ('BU535370', 'Ford', 'Ford Icon', 'Red', 2007, 4, 5, 40, '08-AUG-2016', 200);
INSERT INTO VEHICLE VALUES ('AF831198', 'Ford', 'Ford Figo', 'Brown', 2011, 4, 5, 57, '14-MAR-207', 206);
INSERT INTO VEHICLE VALUES ('9A431791', 'Toyota', 'Toyota Highlander', 'Black', 2012, 4, 5, 61, '30-OCT-2019', 209);
INSERT INTO VEHICLE VALUES ('AF130772', 'Toyota', 'Toyota Corolla', 'Metallic Silver', 2006, 4, 5, 46,  '12-MAY-2018', 202);
INSERT INTO VEHICLE VALUES ('7FN78297', 'Hyundai', 'Hyundai Elantra', 'Black', 2012, 4, 5, 56, '16-NOV-2020', 211);
INSERT INTO VEHICLE VALUES ('0C430484', 'GMC', 'GMC Savana35', 'Blue', 2009, 4, 5, 56, '16-DEC-2015', 211);
INSERT INTO VEHICLE VALUES ('1G4PN5SK', 'GMC', 'GMC 1500 Club', 'Red', 2010, 4, 5, 57, '24-MAR-2017', 213);
INSERT INTO VEHICLE VALUES ('A5577128', 'Mercedes', 'E-Class', 'Black', 2007, 4, 5, 65, '17-APR-2015', 215);
INSERT INTO VEHICLE VALUES ('AF831290', 'Hyundai', 'Hyundai I20', 'Black', 2006, 4, 5, 49, '10-MAY-2014', 214);
INSERT INTO VEHICLE VALUES ('1G4GE5GV', 'Mercedes', 'A Class', 'White', 2009, 4, 5, 67, '11-AUG-2013', 214);
INSERT INTO VEHICLE VALUES ('1A4AE6GV', 'Maruti', 'Maruti Ciaz', 'Grey', 2015, 4, 5, 52, '06-SEP-2020', 207);
INSERT INTO VEHICLE VALUES ('7GN88217', 'Maruti', 'Maruti Alto K10', 'Brown', 2015, 4, 5, 54, '10-APR-2019', 204);
INSERT INTO VEHICLE VALUES ('3A3F3ASV', 'Chevrolet', 'Chevrolet Beat', 'White', 2009, 4, 5, 49, '11-MAY-2018', 205);
INSERT INTO VEHICLE VALUES ('2A2F4GVQ', 'Chevrolet', 'Chevrolet Cruze', 'Bluw', 2008, 4, 5, 46, '15-JUN-2017', 210);
INSERT INTO VEHICLE VALUES ('2A3G35GV', 'Hyundai', 'Hyundai I10', 'Brown', 2010, 4, 5, 48, '14-JAN-2020', 212);
INSERT INTO VEHICLE VALUES ('2B4G35GF', 'Audi', 'Audi A4', 'Black', 2012, 4, 5, 50, '15-FEB-2020', 208);


INSERT INTO CLIENT VALUES (8001, 'MaurisBlandit Institute','Ap #694-1423 Phasellus Road', 'Istres','PA','32328','http://eleifendnon.edu','Kareem','Conway','413-982-2045','quisque@eleifendnon.edu');
INSERT INTO CLIENT VALUES (8002, 'Nibhvulputate Industries', 'P.O. Box 127, 4991 Sed Road', 'Bairnsdale', 'CA', '90404', 'http://quisturpisvitae.org','Kitra','Monica', '309-174-0460', NULL);
INSERT INTO CLIENT VALUES (8003, 'Dunder Mifflin', 'Ap #549-9943 Curabitur Rd.', 'Petrolina', 'FL', '32306', NULL, 'Michael','Scott','699-379-7697' , NULL);
INSERT INTO CLIENT VALUES (8004, 'Risus Company', '6921 South Avenue', 'Nanded', 'OK', '83707',  'http://Nunc.com','Kennedy','Flynn', '617-154-0124', 'velit@Nunc.com');
INSERT INTO CLIENT VALUES (8005, 'Wundas Corporation', 'P.O. BOX 851', 'Seattle', 'WA', '98115',  'http://wundas.gov', 'Eden','Le','523-423-8451', 'leeden@wundas.gov');
INSERT INTO CLIENT VALUES (8006, 'Orkut LLC', '63-1454 Tellus. Rd.', 'Blitar', 'NY', '12211',  'http://vestibulummassa.net','Xantha','Gonsales', '290-458-0981', 'xantha@vestibulummassa.net');
INSERT INTO CLIENT VALUES (8007, 'Facilisi Industries', 'P.O. Box 134', 'AUSTIN', 'TX', '98113',  'http://Integervulputate.ca','Dante','Irwin', '799-307-6765', 'auctor@nullaIntegervulputate.ca');
INSERT INTO CLIENT VALUES (8008, 'Arcu Sed Et LLP', 'P.O. BOX 137', 'Seattle', 'WA', '98115', 'http://eueleifendnec.com','Geoffrey','Garrett', '869-455-4358', 'geoga@seueleifendnec.com');
INSERT INTO CLIENT VALUES (8009, 'Magna Institute', 'P.O. BOX 8564', 'Jeongeup', 'CA', '91511',  'http://mauris.edu', 'Brett','Hester','556-390-5331', 'luctus@mauris.edu');
INSERT INTO CLIENT VALUES (8010, 'Daggle Industries', '114 East Southcoast', 'North Island', 'NC', '12345', 'http://daggle.gov', 'Papa','Perez', '696-640-0375', 'pperez@daggle.gov');
INSERT INTO CLIENT VALUES (8011, 'Mourinho Industries', '114 West Shadyside', 'Whangarei', 'NY', '78945', 'http://mourinho.org', 'Jose','Mourinho', '123-642-0345', 'jmourinho@mourinho.org');
INSERT INTO CLIENT VALUES (8012, 'Guradiola Insitiute', 'SqurillHill street', 'South Island', 'PA', '65412', 'http://guardiola.edu', 'Pep','Guardiola', '456-642-0245', 'pperez@guradiola.edu');
INSERT INTO CLIENT VALUES (8013, 'Kloop Coorporation', 'Whitemington Street', 'Scarborough', 'OH', '12457', 'http://kloop.gov', 'Jurgen','Kloop', '789-642-1445', 'jkloop@kloop.gov');
INSERT INTO CLIENT VALUES (8014, 'Ferguson Company', 'P.O BOX 114 Hempstead', 'Renlies', 'VA', '16542', 'http://ferguson.com', 'Alex','Ferguson', '753-642-0145', 'alexferguson@ferguson.com');
INSERT INTO CLIENT VALUES (8015, 'Greizman Coorporation','Giant Eagle 5631 Rd.', 'Carmarthen', 'VA', '98745', 'http://greizman.gov', 'Antoninne','Greizman', '159-642-0245', 'antogreiz@dgriezman.gov');


INSERT INTO RAGREEMENT VALUES (6000, TO_DATE('2020-01-04-08:49:39','YYYY-MM-DD-HH24:MI:SS'), TO_DATE('2020-03-04-07:49:39','YYYY-MM-DD-HH24:MI:SS'), 8111, 11325, 'Uninsured Motorist Protection', 8001, 'WA1DGBFE');
INSERT INTO RAGREEMENT VALUES (6001, TO_DATE('2020-04-10-04:09:32','YYYY-MM-DD-HH24:MI:SS'), TO_DATE('2020-06-26-01:12:24','YYYY-MM-DD-HH24:MI:SS'), 8925, 11415, 'Collision Coverage', 8002, 'WAU3VA23');
INSERT INTO RAGREEMENT VALUES (6002, TO_DATE('2020-07-06-06:36:56','YYYY-MM-DD-HH24:MI:SS'), TO_DATE('2020-08-13-21:47:25','YYYY-MM-DD-HH24:MI:SS'), 5373, 9104, 'Personal Injury Coverage', 8005, 'WA1YD54B');
INSERT INTO RAGREEMENT VALUES (6003, TO_DATE('2020-07-20-18:45:47','YYYY-MM-DD-HH24:MI:SS'), TO_DATE('2020-09-10-04:10:20','YYYY-MM-DD-HH24:MI:SS'), 11528, 13643, 'Personal Injury Coverage', 8009, '1G6AC5SX' );
INSERT INTO RAGREEMENT VALUES (6004, TO_DATE('2020-01-24-02:12:50','YYYY-MM-DD-HH24:MI:SS'), TO_DATE('2020-08-01-10:36:00','YYYY-MM-DD-HH24:MI:SS'), 6850, 11843, 'Motorist Protection', 8008, 'EM482243');
INSERT INTO RAGREEMENT VALUES (6005, TO_DATE('2020-07-06-10:15:01','YYYY-MM-DD-HH24:MI:SS'), TO_DATE('2020-09-20-16:24:55','YYYY-MM-DD-HH24:MI:SS'), 9975, 10995, 'Uninsured Motorist Protection', 8003, 'BU535370');
INSERT INTO RAGREEMENT VALUES (6006, TO_DATE('2020-03-14-08:10:48','YYYY-MM-DD-HH24:MI:SS'), TO_DATE('2020-05-20-20:17:10','YYYY-MM-DD-HH24:MI:SS'), 5791, 6463, 'Collision Coverage', 8004, 'AF831198');
INSERT INTO RAGREEMENT VALUES (6007, TO_DATE('2019-10-22-16:15:48','YYYY-MM-DD-HH24:MI:SS'), TO_DATE('2020-07-20-06:24:29','YYYY-MM-DD-HH24:MI:SS'), 5091, 12176, 'Collision Coverage', 8006, '9A431791');
INSERT INTO RAGREEMENT VALUES (6008, TO_DATE('2020-06-30-04:44:16','YYYY-MM-DD-HH24:MI:SS'), TO_DATE('2020-08-19-07:45:15','YYYY-MM-DD-HH24:MI:SS'), 7464, 9564, 'Personal Injury Coverage', 8008, 'AF130772');
INSERT INTO RAGREEMENT VALUES (6009, TO_DATE('2020-09-10-14:53:07','YYYY-MM-DD-HH24:MI:SS'), TO_DATE('2020-10-31-10:36:20','YYYY-MM-DD-HH24:MI:SS'), 5202, 10700, 'Uninsured Motorist Protection', 8001, 'AF130772');
INSERT INTO RAGREEMENT VALUES (6010, TO_DATE('2020-11-14-23:57:15','YYYY-MM-DD-HH24:MI:SS'), TO_DATE('2020-11-30-07:49:40','YYYY-MM-DD-HH24:MI:SS'), 7712, 10934, 'Uninsured Motorist Protection', 8010, 'AF130772');
INSERT INTO RAGREEMENT VALUES (6011, TO_DATE('2020-07-10-10:09:42','YYYY-MM-DD-HH24:MI:SS'), TO_DATE('2020-07-26-04:10:16','YYYY-MM-DD-HH24:MI:SS'), 9637, 10928, 'Collision Coverage', 8002, 'WAU3VA23');
INSERT INTO RAGREEMENT VALUES (6012, TO_DATE('2020-08-10-09:09:40','YYYY-MM-DD-HH24:MI:SS'), TO_DATE('2020-09-14-02:10:14','YYYY-MM-DD-HH24:MI:SS'), 7267, 11456, 'Collision Coverage', 8002, 'WAU3VA23');
INSERT INTO RAGREEMENT VALUES (6013, TO_DATE('2020-02-24-14:50:07','YYYY-MM-DD-HH24:MI:SS'), TO_DATE('2020-06-10-11:36:20','YYYY-MM-DD-HH24:MI:SS'), 10657, 12840, 'Uninsured Motorist Protection', 8001, '1G6AC5SX');
INSERT INTO RAGREEMENT VALUES (6014, TO_DATE('2020-01-11-17:35:20','YYYY-MM-DD-HH24:MI:SS'), TO_DATE('2020-03-19-09:49:15','YYYY-MM-DD-HH24:MI:SS'), 8900, 10500, 'Personal Injury Coverage', 8006, 'AF130772');
INSERT INTO RAGREEMENT VALUES (6015, TO_DATE('2020-04-14-17:58:07','YYYY-MM-DD-HH24:MI:SS'), TO_DATE('2020-06-12-14:37:21','YYYY-MM-DD-HH24:MI:SS'), 7000, 10600, 'Uninsured Motorist Protection', 8004, 'AF130772');
INSERT INTO RAGREEMENT VALUES (6016, TO_DATE('2020-11-11-12:12:25','YYYY-MM-DD-HH24:MI:SS'), TO_DATE('2020-12-01-09:47:15','YYYY-MM-DD-HH24:MI:SS'), 9975, 12521, 'Personal Injury Coverage', 8008, '1G4PN5SK');
INSERT INTO RAGREEMENT VALUES (6017, TO_DATE('2020-06-30-04:44:15','YYYY-MM-DD-HH24:MI:SS'), TO_DATE('2020-07-20-09:52:15','YYYY-MM-DD-HH24:MI:SS'), 10278, 12942, 'Personal Injury Coverage', 8006, 'AF831198');
INSERT INTO RAGREEMENT VALUES (6018, TO_DATE('2020-08-30-04:44:14','YYYY-MM-DD-HH24:MI:SS'), TO_DATE('2020-09-10-08:47:15','YYYY-MM-DD-HH24:MI:SS'), 7464, 9564, 'Personal Injury Coverage', 8005, 'AF831198');
INSERT INTO RAGREEMENT VALUES (6019, TO_DATE('2020-06-07-09:18:01','YYYY-MM-DD-HH24:MI:SS'), TO_DATE('2020-08-20-18:24:55','YYYY-MM-DD-HH24:MI:SS'), 6875, 10995, 'Collision Coverage', 8003, '7FN78297');
INSERT INTO RAGREEMENT VALUES (6020, TO_DATE('2020-09-30-09:18:01','YYYY-MM-DD-HH24:MI:SS'), TO_DATE('2020-10-30-18:24:55','YYYY-MM-DD-HH24:MI:SS'), 6975, 9995, 'Collision Coverage', 8003, 'BU535370');
INSERT INTO RAGREEMENT VALUES (6021, TO_DATE('2020-10-15-08:28:21','YYYY-MM-DD-HH24:MI:SS'), TO_DATE('2020-10-31-12:14:54','YYYY-MM-DD-HH24:MI:SS'), 9974, 10854, 'Personal Injury Coverage', 8008, '3A3F3ASV');
INSERT INTO RAGREEMENT VALUES (6022, TO_DATE('2020-11-05-09:16:31','YYYY-MM-DD-HH24:MI:SS'), TO_DATE('2020-09-21-17:23:25','YYYY-MM-DD-HH24:MI:SS'), 7784, 9748, 'Uninsured Motorist Protection', 8015, 'A5577128');
INSERT INTO RAGREEMENT VALUES (6023, TO_DATE('2020-09-04-14:25:14','YYYY-MM-DD-HH24:MI:SS'), TO_DATE('2020-09-22-15:21:25','YYYY-MM-DD-HH24:MI:SS'), 7782, 9547, 'Uninsured Motorist Protection', 8012, '7GN88217');
INSERT INTO RAGREEMENT VALUES (6024, TO_DATE('2020-09-05-13:24:00','YYYY-MM-DD-HH24:MI:SS'), TO_DATE('2020-10-21-15:21:25','YYYY-MM-DD-HH24:MI:SS'), 5478, 9657, 'Personal Injury Coverage', 8011, '0C430484');
INSERT INTO RAGREEMENT VALUES (6025, TO_DATE('2020-09-09-11:24:00','YYYY-MM-DD-HH24:MI:SS'), TO_DATE('2020-10-02-15:22:25','YYYY-MM-DD-HH24:MI:SS'), 8754, 10245, 'Personal Injury Coverage', 8010, '1G4GE5GV');


INSERT INTO FAULTREPORT VALUES (001, TO_DATE('2020-03-04-07:49:39','YYYY-MM-DD-HH24:MI:SS'), 'Oil Change', 4006, 'WA1DGBFE', 6000);
INSERT INTO FAULTREPORT VALUES (002, TO_DATE('2020-07-26-04:10:16','YYYY-MM-DD-HH24:MI:SS'), 'Directional Signals', 4007, 'WAU3VA23', 6001);
INSERT INTO FAULTREPORT VALUES (003, TO_DATE('2020-08-01-10:36:00','YYYY-MM-DD-HH24:MI:SS'), 'Lights and Side Mirrors', 4009, 'EM482243', 6004 );
INSERT INTO FAULTREPORT VALUES (004, TO_DATE('2020-08-13-21:47:25','YYYY-MM-DD-HH24:MI:SS'), 'Horn and Wipers', 4012, 'WA1YD54B', 6002 );
INSERT INTO FAULTREPORT VALUES (005, TO_DATE('2020-09-10-08:47:15','YYYY-MM-DD-HH24:MI:SS'), 'Wheel Change', 4006, 'AF831198', 6018 );
INSERT INTO FAULTREPORT VALUES (006, TO_DATE('2020-03-19-09:49:15','YYYY-MM-DD-HH24:MI:SS'), 'Power steering fluid' ,4007, 'AF130772', 6014 );
INSERT INTO FAULTREPORT VALUES (007, TO_DATE('2020-09-10-04:10:20','YYYY-MM-DD-HH24:MI:SS'), 'Brake fluid Change', 4009, '1G6AC5SX',6003 );
INSERT INTO FAULTREPORT VALUES (008, TO_DATE('2020-09-20-16:24:55','YYYY-MM-DD-HH24:MI:SS'), 'Carbonator and Lights', 4012, 'BU535370', 6005 );
INSERT INTO FAULTREPORT VALUES (009, TO_DATE('2020-10-31-10:36:20','YYYY-MM-DD-HH24:MI:SS'), 'Monthly Servicing', 4006, 'AF130772', 6009 );
INSERT INTO FAULTREPORT VALUES (010, TO_DATE('2020-07-20-06:24:29','YYYY-MM-DD-HH24:MI:SS'), 'Washing Interiors', 4007, '9A431791', 6007 );
INSERT INTO FAULTREPORT VALUES (011, TO_DATE('2020-11-30-07:49:40','YYYY-MM-DD-HH24:MI:SS'), 'Wipers and General Service', 4008, 'AF130772', 6010 );
INSERT INTO FAULTREPORT VALUES (012, TO_DATE('2020-07-26-04:10:16','YYYY-MM-DD-HH24:MI:SS'), 'Seat Cover Change', 4010, 'WAU3VA23', 6011 );
INSERT INTO FAULTREPORT VALUES (013, TO_DATE('2020-09-14-02:10:14','YYYY-MM-DD-HH24:MI:SS'), 'Indicators and Carbonator', 4011, 'WAU3VA23', 6012 );
INSERT INTO FAULTREPORT VALUES (014, TO_DATE('2020-06-10-11:36:20','YYYY-MM-DD-HH24:MI:SS'), 'Oil and Brakes', 4015, '1G6AC5SX', 6013 );
INSERT INTO FAULTREPORT VALUES (015, TO_DATE('2020-03-19-09:49:15','YYYY-MM-DD-HH24:MI:SS'), 'Light Bulb Change', 4015, 'AF130772', 6014 );
INSERT INTO FAULTREPORT VALUES (016, TO_DATE('2020-06-12-14:37:21','YYYY-MM-DD-HH24:MI:SS'), 'First Free Service Interiors', 4017, 'AF130772', 6015 );

